,City,Cloudiness,Country,Date,Humidity,Lat,Lng,Max Temp,Wind Speed
0,Sampit,93,ID,1569978106,86,-2.54,112.95,25.56,1.49
1,Nizhneudinsk,0,RU,1569978106,84,54.91,99.03,-1.54,0.67
2,Rikitea,72,PF,1569978044,84,-23.12,-134.97,20.37,7.8
3,Nome,1,US,1569978106,74,30.04,-94.42,28.33,1.5
4,Yerbogachen,80,RU,1569978106,80,61.28,108.01,-2.19,3.25
5,Ushuaia,40,AR,1569978107,89,-54.81,-68.31,4.0,11.3
6,Esperance,75,AU,1569978107,82,-33.86,121.89,16.0,3.6
7,Puerto Ayora,20,EC,1569978107,73,-0.74,-90.35,22.0,8.7
8,Fortuna,1,US,1569978107,71,40.6,-124.16,15.56,4.6
9,Zeya,96,RU,1569978108,67,53.74,127.27,0.53,4.6
10,Cortez,1,US,1569978108,16,37.35,-108.58,23.0,7.7
11,Ribeira Grande,75,PT,1569978108,83,38.52,-28.7,23.0,14.9
12,Erzin,0,TR,1569978108,88,36.95,36.2,23.89,0.41
13,Narkanda,0,IN,1569978108,83,31.25,77.46,9.81,0.926
14,Timbuktu,64,ML,1569978109,26,16.77,-3.01,34.59,5.44
15,Tuktoyaktuk,75,CA,1569978109,86,69.44,-133.03,5.0,2.1
16,Vestmanna,59,FO,1569978109,81,62.16,-7.17,7.0,10.8
17,Bredasdorp,100,ZA,1569978110,87,-34.53,20.04,14.44,1.5
18,Mataura,92,NZ,1569978110,63,-46.19,168.86,9.44,8.49
19,Saskylakh,95,RU,1569978110,95,71.97,114.09,-3.91,4.72
20,Fort Nelson,75,CA,1569978110,51,58.81,-122.69,17.0,2.6
21,Ilulissat,15,GL,1569978111,45,69.22,-51.1,7.0,7.7
22,Busselton,85,AU,1569978111,93,-33.64,115.35,12.22,0.45
23,Nikolskoye,20,RU,1569978111,93,59.7,30.79,6.67,3.0
24,Hilo,1,US,1569978111,62,19.71,-155.08,30.0,3.1
25,Ostrovnoy,87,RU,1569978111,77,68.05,39.51,2.16,11.41
26,Khatanga,2,RU,1569978112,88,71.98,102.47,-7.65,1.22
27,Puerto Leguizamo,46,CO,1569978112,66,-0.19,-74.78,26.35,1.73
28,Torbay,40,CA,1569977941,80,47.66,-52.73,6.11,3.6
29,Butaritari,98,KI,1569978112,67,3.07,172.79,29.57,4.78
30,Kruisfontein,12,ZA,1569978113,88,-34.0,24.73,11.47,3.29
31,Nabire,100,ID,1569978113,97,-3.36,135.5,21.54,1.31
32,Pisco,0,PE,1569977937,88,-13.71,-76.2,17.78,8.2
33,Ayorou,100,NE,1569978113,36,14.73,0.92,31.38,6.67
34,Dikson,4,RU,1569978113,86,73.51,80.55,-1.93,7.9
35,Lovington,90,US,1569978114,83,32.94,-103.35,24.0,5.1
36,Yellowknife,75,CA,1569978114,61,62.45,-114.38,8.0,3.6
37,Souillac,90,FR,1569978114,93,45.6,-0.6,16.11,1.0
38,Vao,42,EE,1569978114,83,59.1,26.19,6.89,5.85
39,Hambantota,75,LK,1569978115,100,6.12,81.12,24.0,2.1
40,Port Alfred,1,ZA,1569978115,89,-33.59,26.89,13.33,0.45
41,Kodiak,1,US,1569978115,74,39.95,-94.76,28.0,4.6
42,Galesong,20,ID,1569978115,66,-5.32,119.37,30.0,1.0
43,Xicotencatl,39,MX,1569978115,80,23.02,-98.88,28.33,3.58
44,Codrington,6,AU,1569978116,43,-28.95,153.24,22.22,1.5
45,Atuona,28,PF,1569978116,75,-9.8,-139.03,26.39,6.67
46,Norman Wells,90,CA,1569977572,81,65.28,-126.83,10.0,2.1
47,Nanortalik,100,GL,1569978116,57,60.14,-45.24,6.91,4.18
48,Tazovskiy,98,RU,1569978116,94,67.47,78.7,1.61,3.4
49,Upernavik,45,GL,1569978117,60,72.79,-56.15,2.43,4.05
50,Punta Arenas,20,CL,1569978000,80,-53.16,-70.91,4.0,6.2
51,Sarakhs,0,TM,1569978117,41,36.54,61.16,12.08,0.94
52,Mar del Plata,95,AR,1569977956,29,-46.43,-67.52,7.6,4.47
53,East London,49,ZA,1569978117,86,-33.02,27.91,11.59,3.22
54,Victoria,75,BN,1569977819,94,5.28,115.24,25.0,6.89
55,Chandbali,74,IN,1569978118,87,20.77,86.74,24.9,2.26
56,Santa Maria,0,BR,1569978118,47,-16.02,-48.01,26.0,3.6
57,Pevek,100,RU,1569978118,86,69.7,170.27,-0.27,11.05
58,Cape Town,0,ZA,1569978099,87,-33.93,18.42,15.56,1.0
59,Port Elizabeth,1,US,1569978119,83,39.31,-74.98,23.89,2.1
60,Jamestown,0,AU,1569978023,18,-33.21,138.6,26.84,7.49
61,Dunedin,87,NZ,1569977916,73,-45.87,170.5,8.33,11.18
62,Port Lincoln,0,AU,1569978119,89,-34.72,135.86,14.61,4.08
63,Chuy,100,UY,1569978119,97,-33.69,-53.46,17.22,2.17
64,Marsh Harbour,14,BS,1569978120,78,26.54,-77.06,27.23,9.4
65,Innisfail,61,AU,1569977961,51,-17.52,146.03,25.56,3.58
66,Awbari,0,LY,1569978120,23,26.59,12.77,25.25,6.19
67,Teahupoo,40,PF,1569978120,54,-17.83,-149.27,29.0,1.0
68,San Patricio,17,PY,1569978044,46,-26.98,-56.83,31.67,4.36
69,Rock Sound,21,BS,1569978121,79,24.9,-76.2,27.07,6.81
70,Tagusao,70,PH,1569978121,75,9.19,117.81,27.57,1.42
71,Bathsheba,20,BB,1569978062,74,13.22,-59.52,28.0,4.6
72,Hobart,0,AU,1569977887,33,-42.88,147.33,18.33,5.1
73,Cherskiy,78,RU,1569978121,74,68.75,161.3,-2.77,4.39
74,Albany,75,US,1569978122,100,42.65,-73.75,23.33,3.1
75,Karratha,0,AU,1569978122,16,-20.74,116.85,31.3,5.06
76,Kapaa,40,US,1569977829,66,22.08,-159.32,31.0,7.7
77,Carnarvon,26,ZA,1569978122,29,-30.97,22.13,10.29,4.11
78,Beroroha,22,MG,1569978123,49,-21.68,45.17,23.87,1.35
79,Los Llanos de Aridane,5,ES,1569978123,88,28.66,-17.92,28.89,5.7
80,Templin,90,DE,1569978123,93,53.12,13.5,13.89,1.0
81,Saint George,0,GR,1569978124,88,39.45,22.34,18.0,2.1
82,Iqaluit,75,CA,1569978124,78,63.75,-68.52,2.0,1.0
83,Ponta do Sol,0,BR,1569978124,57,-20.63,-46.0,21.57,2.32
84,Rutul,33,RU,1569978124,77,41.53,47.42,15.0,3.1
85,Lake Havasu City,1,US,1569978125,9,34.47,-114.34,29.0,3.6
86,Zyryanka,64,RU,1569978125,57,65.73,150.89,-3.44,5.95
87,Kiruna,100,SE,1569978125,91,67.86,20.23,0.0,7.2
88,Hofn,0,IS,1569978126,67,64.25,-15.21,-5.58,2.28
89,Hermanus,100,ZA,1569978126,83,-34.42,19.24,15.0,3.58
90,Oranjemund,0,ZA,1569978126,78,-28.55,16.43,14.89,5.47
91,Bluff,30,AU,1569978046,60,-23.58,149.07,21.95,8.61
92,Marsaxlokk,20,MT,1569978126,83,35.84,14.54,21.67,2.1
93,Port Moresby,40,PG,1569978127,74,-9.47,147.16,28.0,2.6
94,Ngong,20,KE,1569978127,82,-1.37,36.65,15.0,2.1
95,New Norfolk,0,AU,1569978127,33,-42.78,147.06,18.89,5.1
96,Oum Hadjer,19,TD,1569978127,66,13.3,19.7,28.08,4.12
97,Aykino,100,RU,1569978128,92,62.22,49.99,11.01,5.24
98,Dharangaon,99,IN,1569978129,88,21.01,75.27,23.13,1.04
99,Lukhovka,89,RU,1569978129,97,54.15,45.26,10.09,3.14
100,Palmerston,40,AU,1569978129,58,-12.49,130.99,32.22,3.6
101,Avarua,33,CK,1569978013,64,-21.21,-159.78,24.0,6.7
102,Sawkta,75,SL,1569978130,83,8.63,-13.2,26.0,1.0
103,Jiuquan,6,CN,1569978130,32,39.73,98.49,9.76,1.35
104,Bilibino,100,RU,1569978130,92,68.06,166.44,-8.75,1.59
105,Cidreira,59,BR,1569978131,72,-30.17,-50.22,21.78,5.5
106,Barrow,94,AR,1569978131,75,-38.31,-60.23,6.33,1.77
107,Dakar,17,SN,1569978131,94,14.69,-17.45,28.0,3.6
108,Tiksi,100,RU,1569978132,91,71.64,128.87,-1.67,9.6
109,Jinchang,48,CN,1569978132,41,38.52,102.19,14.28,0.49
110,Yuksekova,0,TR,1569978132,57,37.57,44.29,9.0,2.1
111,Klimovo,82,RU,1569978132,79,52.38,32.2,9.29,5.61
112,Sola,52,TZ,1569978133,71,-3.17,33.8,21.21,0.21
113,Touros,20,BR,1569978133,78,-5.2,-35.46,24.0,4.1
114,Shizukuishi,40,JP,1569978133,88,39.7,140.98,18.0,1.5
115,Arraial do Cabo,1,BR,1569978133,80,-22.97,-42.02,20.18,10.36
116,Honningsvag,95,NO,1569978133,66,70.98,25.97,4.77,11.09
117,Chilca,40,PE,1569978134,50,-13.22,-72.34,13.0,2.1
118,Vaini,75,IN,1569978134,100,15.34,74.49,20.0,0.62
119,Miraflores,40,PE,1569978134,71,-16.39,-71.52,12.0,1.5
120,Berlevag,76,NO,1569978135,68,70.86,29.09,4.63,11.63
121,Huarmey,85,PE,1569978135,91,-10.07,-78.15,16.57,6.62
122,La Spezia,40,IT,1569978136,93,44.11,9.83,21.67,2.1
123,Cabedelo,20,BR,1569978136,83,-6.97,-34.84,24.0,2.6
124,Port Augusta,0,AU,1569978136,13,-32.49,137.76,28.33,9.3
125,Nizhniy Kuranakh,80,RU,1569978136,88,58.84,125.49,-1.83,3.71
126,Sergeyevka,64,KZ,1569978137,66,53.88,67.42,3.03,4.22
127,Shitanjing,94,CN,1569978137,58,39.23,106.34,18.78,2.83
128,Qaanaaq,100,GL,1569978137,96,77.48,-69.36,0.56,4.03
129,Chicama,90,PE,1569978137,93,-7.84,-79.15,16.0,4.6
130,Dovolnoye,60,RU,1569978138,88,54.5,79.67,1.93,4.03
131,Georgetown,40,GY,1569978138,83,6.8,-58.16,28.0,1.0
132,Awjilah,0,LY,1569978138,75,29.14,21.3,21.08,3.12
133,Antropovo,0,RU,1569978138,87,55.25,37.65,7.22,3.0
134,Kaeo,73,NZ,1569978139,82,-35.1,173.78,17.22,6.16
135,Kysyl-Syr,64,RU,1569978139,69,63.9,122.77,-2.37,3.81
136,Bilma,20,NE,1569978139,16,18.69,12.92,30.73,3.99
137,Lazaro Cardenas,40,MX,1569978139,61,28.39,-105.62,25.0,6.7
138,Portland,90,US,1569977861,100,43.66,-70.25,16.11,3.6
139,Longyearbyen,20,NO,1569978140,79,78.22,15.63,-5.0,1.0
140,Bara,51,NG,1569978140,85,10.41,10.6,23.42,3.48
141,Pelym,100,RU,1569978140,78,61.01,62.0,9.9,5.38
142,Eureka,1,US,1569978060,71,40.8,-124.16,15.56,4.6
143,Northam,3,AU,1569978141,63,-31.65,116.67,17.0,2.6
144,Omsukchan,21,RU,1569978141,79,62.53,155.8,-8.14,2.02
145,Cabo San Lucas,75,MX,1569977864,69,22.89,-109.91,27.78,6.2
146,Basco,75,US,1569978142,74,40.33,-91.2,28.89,3.6
147,Deputatskiy,100,RU,1569978142,90,69.3,139.9,-7.64,12.9
148,Tarko-Sale,100,RU,1569978142,94,64.92,77.78,2.22,4.87
149,Balrampur,98,IN,1569978143,89,27.43,82.19,23.15,2.23
150,Boa Vista,0,BR,1569978067,65,2.82,-60.67,28.0,3.6
151,Geraldton,75,CA,1569978143,100,49.72,-86.95,3.0,3.6
152,Kennesaw,1,US,1569978107,54,34.02,-84.62,31.0,1.13
153,Saint-Philippe,90,CA,1569978144,100,45.36,-73.48,18.33,2.1
154,Seoul,75,KR,1569977786,94,37.57,126.98,25.0,1.0
155,Port Hawkesbury,90,CA,1569978144,87,45.62,-61.36,10.0,2.1
156,Taldan,55,RU,1569978144,56,53.69,124.82,1.22,5.33
157,Peniche,20,PT,1569978144,88,39.36,-9.38,17.0,1.0
158,Yangjiang,0,CN,1569978145,79,21.85,111.96,24.54,1.1
159,Constantine,0,DZ,1569978145,51,36.36,6.61,16.0,0.75
160,Burns Lake,95,CA,1569978145,46,54.23,-125.76,10.0,1.1
161,Narsaq,95,GL,1569978145,27,60.91,-46.05,11.0,14.4
162,Bintulu,75,MY,1569978145,94,3.17,113.03,25.0,1.0
163,Ust-Tsilma,98,RU,1569978146,97,65.44,52.15,6.34,2.59
164,Tecoanapa,40,MX,1569978146,74,16.99,-99.26,29.0,3.1
165,Constitucion,75,MX,1569978146,46,23.99,-104.67,22.0,4.1
166,Chokurdakh,74,RU,1569978145,84,70.62,147.9,-4.01,10.2
167,Joao Pinheiro,1,BR,1569978079,43,-17.74,-46.17,25.08,1.73
168,Padang,100,ID,1569978147,86,-0.92,100.36,25.47,6.24
169,Atasu,0,KZ,1569978147,45,48.68,71.64,2.13,3.87
170,Mount Isa,0,AU,1569978147,10,-20.73,139.49,31.0,7.7
171,Castro,90,CL,1569978147,86,-42.48,-73.76,5.0,2.6
172,Bogorodskoye,76,RU,1569978148,86,52.37,140.44,11.75,1.8
173,Muisne,16,EC,1569978148,87,0.61,-80.02,23.55,7.35
174,Nicolas Bravo,75,MX,1569978148,46,24.39,-104.74,22.0,4.1
175,Isangel,75,VU,1569978149,57,-19.55,169.27,27.0,7.7
176,Verkh-Usugli,100,RU,1569978149,60,52.7,115.17,-0.23,3.0
177,Komsomolskiy,100,RU,1569978149,98,67.55,63.78,3.96,4.82
178,Shaunavon,1,CA,1569978150,88,49.65,-108.41,-0.77,3.57
179,Yaan,64,NG,1569978150,90,7.38,8.57,22.88,1.82
180,Tasiilaq,97,GL,1569978150,69,65.61,-37.64,2.0,7.7
181,Vila Franca do Campo,40,PT,1569978151,83,37.72,-25.43,23.0,7.7
182,Udachnyy,90,RU,1569978151,92,66.42,112.4,-6.0,2.0
183,Sobreira,40,PT,1569978151,100,41.15,-8.39,16.67,0.46
184,Sangar,29,RU,1569978151,76,63.92,127.47,-2.63,5.44
185,Porlamar,100,VE,1569978152,88,10.96,-63.85,26.01,2.93
186,Edd,100,ER,1569978153,70,13.93,41.69,28.5,1.2
187,Kholmogory,90,RU,1569978153,100,64.23,41.65,7.0,7.0
188,Dhidhdhoo,46,MV,1569977908,73,6.88,73.1,28.02,2.64
189,Hamilton,90,CA,1569978154,100,43.26,-79.87,22.22,5.1
190,Liberta,34,ML,1569978154,89,12.26,-11.02,24.47,1.13
191,Richards Bay,52,ZA,1569978154,79,-28.77,32.06,17.95,4.78
192,Nicoya,75,CR,1569978155,94,10.15,-85.45,24.0,2.1
193,Bandarbeyla,53,SO,1569978155,81,9.49,50.81,23.84,1.69
194,Erenhot,1,CN,1569978155,62,43.65,111.97,17.07,3.51
195,Harper,75,US,1569978155,54,30.3,-99.24,29.0,6.89
196,Shar,64,NG,1569978156,90,7.3,8.73,22.88,1.82
197,Charters Towers,26,AU,1569978156,54,-20.07,146.27,25.04,7.19
198,Swellendam,100,ZA,1569978156,87,-34.02,20.44,10.0,1.5
199,Coquimbo,0,CL,1569978156,71,-29.95,-71.34,12.0,2.6
200,Santomera,17,ES,1569978156,33,38.06,-1.05,25.56,3.6
201,Baykit,100,RU,1569978151,92,61.68,96.39,-3.36,2.47
202,Otradnoye,20,RU,1569978157,93,59.77,30.8,6.67,3.0
203,Mpongwe,95,ZM,1569978157,89,-13.51,28.16,18.18,3.13
204,Listvyagi,0,RU,1569978157,84,53.68,86.95,-1.69,1.85
205,Dzhebariki-Khaya,100,RU,1569978158,84,62.22,135.8,-2.94,4.7
206,Colac,57,AU,1569978082,52,-38.34,143.59,23.33,3.13
207,Antsohihy,27,MG,1569978158,71,-14.88,47.99,25.12,5.1
208,San Guillermo,100,PH,1569978158,82,16.72,121.81,25.54,0.82
209,Chapais,90,CA,1569978158,93,49.78,-74.86,4.0,4.6
210,Talnakh,75,RU,1569978159,74,69.49,88.39,0.0,5.0
211,Livingstonia,1,MW,1569978159,81,-10.61,34.11,16.69,3.02
212,Luwingu,100,ZM,1569978159,94,-10.26,29.92,18.17,2.71
213,Kavieng,73,PG,1569978159,72,-2.57,150.8,28.22,3.34
214,Thompson,20,CA,1569978160,51,55.74,-97.86,4.0,1.5
215,Ouesso,77,CG,1569978160,99,1.61,16.05,19.73,0.87
216,Mabaruma,100,GY,1569978160,97,8.2,-59.78,24.18,1.2
217,Mahebourg,75,MU,1569978160,88,-20.41,57.7,22.22,3.6
218,Itatskiy,0,RU,1569978161,83,56.07,89.04,-0.81,3.35
219,Namatanai,100,PG,1569978161,75,-3.66,152.44,26.9,2.44
220,Saint-Augustin,90,CA,1569978161,100,45.63,-73.98,17.78,2.1
221,Borogontsy,12,RU,1569978161,71,62.67,131.17,-2.61,6.19
222,Clearlake,1,US,1569978162,21,38.96,-122.63,22.22,4.1
223,Ancud,90,CL,1569978162,86,-41.87,-73.83,5.0,2.6
224,Starosubkhangulovo,100,RU,1569978162,74,53.1,57.43,3.04,3.36
225,Nantucket,1,US,1569978163,88,41.28,-70.1,19.44,7.2
226,Meulaboh,100,ID,1569978163,80,4.14,96.13,26.24,2.65
227,Cartagena,20,ES,1569978163,33,37.63,-1.0,25.0,3.6
228,Cervo,0,BR,1569978163,56,-22.19,-46.24,20.28,2.33
229,College,90,US,1569978119,75,64.86,-147.8,8.33,2.07
230,Kahului,40,US,1569978164,43,20.89,-156.47,32.0,11.8
231,Avera,1,US,1569978164,78,33.19,-82.53,29.44,1.5
232,Houma,87,CN,1569978164,53,35.63,111.36,22.14,3.43
233,Walvis Bay,0,NA,1569978164,87,-22.95,14.51,17.22,3.6
234,Spornoye,0,RU,1569978165,87,50.84,37.29,8.0,3.0
235,Victor Harbor,0,AU,1569978165,24,-35.55,138.62,26.0,6.7
236,Sitka,99,US,1569977925,93,37.17,-99.65,18.89,2.24
237,Wattegama,0,LK,1569978165,93,7.35,80.68,21.09,0.81
238,Kolondieba,97,ML,1569978165,89,11.09,-6.89,23.59,0.94
239,Bubaque,63,GW,1569978166,86,11.28,-15.83,27.24,6.33
240,Yicheng,62,CN,1569978166,39,31.71,112.27,25.14,1.99
241,Necocli,40,CO,1569978166,70,8.42,-76.79,29.0,3.1
242,Ust-Kuyga,100,RU,1569978166,80,70.0,135.55,-3.69,8.48
243,Arahal,0,ES,1569978167,46,37.26,-5.54,22.0,3.6
244,Kaitangata,88,NZ,1569978167,54,-46.28,169.85,10.56,8.94
245,Dali,30,CN,1569978167,65,34.79,109.94,20.16,2.31
246,Sawtell,0,AU,1569978167,49,-30.38,153.1,22.78,4.6
247,Bethel,90,US,1569978045,76,60.79,-161.76,10.0,2.1
248,Provideniya,40,RU,1569978168,81,64.42,-173.23,8.0,6.0
249,Isla Vista,1,US,1569978168,45,34.41,-119.86,22.22,6.7
250,Naberera,100,TZ,1569978168,87,-4.2,36.93,17.18,4.56
251,Nangomba,1,TZ,1569978169,76,-10.9,38.52,24.29,1.81
252,Vila Velha,20,BR,1569978169,78,-3.71,-38.6,26.0,4.1
253,Batsfjord,74,NO,1569978169,68,70.63,29.72,4.68,11.73
254,Bembereke,80,BJ,1569978169,95,10.23,2.66,22.57,1.39
255,Roald,90,NO,1569978168,93,62.58,6.12,8.0,3.1
256,Santa Rita,20,BR,1569978170,83,-7.13,-34.98,24.0,2.6
257,Airai,0,TL,1569978116,39,-8.93,125.41,29.3,1.3
258,Kipushi,100,CD,1569978170,93,-11.76,27.24,16.59,2.92
259,Tommot,99,RU,1569978170,89,58.97,126.27,-1.55,3.32
260,Moron,55,HT,1569978170,73,18.56,-74.26,27.38,1.69
261,Daura,28,NG,1569978171,54,13.04,8.32,29.02,2.61
262,Cedar City,1,US,1569977971,11,37.68,-113.06,16.0,7.7
263,Tessalit,0,ML,1569978171,14,20.2,1.01,30.9,3.51
264,Elko,1,US,1569978171,39,40.83,-115.76,10.0,4.6
265,Leningradskiy,100,RU,1569978171,97,69.38,178.42,0.83,10.89
266,Comodoro Rivadavia,0,AR,1569978172,65,-45.87,-67.48,5.0,0.5
267,Mchinji,100,MW,1569978172,58,-13.8,32.89,21.46,1.49
268,Llanes,89,ES,1569978172,88,43.42,-4.75,18.33,9.34
269,Athabasca,100,CA,1569978172,64,54.72,-113.29,5.09,2.67
270,Tuatapere,100,NZ,1569978172,63,-46.13,167.69,9.44,8.49
271,Diffa,13,NE,1569978173,43,13.32,12.61,31.01,4.18
272,Topeka,1,US,1569977980,74,39.05,-95.68,29.0,6.2
273,Lata,12,IN,1569978173,85,30.78,78.62,-0.6,0.9
274,Orlik,75,PL,1569978173,100,53.95,17.74,10.56,5.1
275,Dingle,99,PH,1569978173,77,11.0,122.67,27.26,1.05
276,Yasnyy,100,RU,1569978173,96,64.04,44.09,9.18,4.27
277,Salalah,20,OM,1569978174,83,17.01,54.1,26.0,1.0
278,Palmer,0,AU,1569977876,24,-34.85,139.16,26.11,6.7
279,Anchorage,75,US,1569978043,76,61.22,-149.89,12.0,3.1
280,Bahia Honda,0,CU,1569978174,78,22.9,-83.16,28.16,10.62
281,Orlandia,0,BR,1569978102,42,-20.72,-47.89,28.0,2.6
282,Oktyabrskoye,0,RU,1569978175,80,56.73,85.44,1.67,5.0
283,Maceio,40,BR,1569978034,94,-9.67,-35.74,22.0,1.5
284,Pak Phanang,20,TH,1569978175,94,8.35,100.2,26.0,1.0
285,Gweta,61,BW,1569978175,82,-20.21,25.26,13.14,6.67
286,Tsumeb,81,NA,1569978176,10,-19.25,17.72,18.37,5.66
287,Labytnangi,95,RU,1569978176,97,66.66,66.39,1.36,1.0
288,Rozhyshche,42,UA,1569978176,74,50.92,25.27,13.33,6.38
289,Gayny,100,RU,1569978176,92,60.3,54.33,10.29,5.26
290,Saint John,90,CA,1569978176,93,45.28,-66.06,12.78,8.7
291,Hasaki,20,JP,1569978177,78,35.73,140.83,27.22,2.6
292,Aklavik,75,CA,1569978177,65,68.22,-135.01,8.0,4.6
293,Laguna,75,BZ,1569978177,88,16.17,-88.94,28.0,0.95
294,Waipawa,68,NZ,1569978177,82,-39.94,176.59,11.11,6.71
295,Praia,0,BR,1569978027,53,-20.25,-43.81,23.0,4.6
296,Hokitika,35,NZ,1569978178,60,-42.72,170.96,11.5,11.23
297,Abnub,0,EG,1569978178,68,27.27,31.15,22.0,5.1
298,Ocos,90,GT,1569978178,100,14.51,-92.19,24.0,3.54
299,Temiscaming,90,CA,1569977935,86,46.72,-79.1,18.89,8.7
300,Kurilsk,0,RU,1569978179,85,45.23,147.88,14.58,4.34
301,Olinda,0,AU,1569978179,35,-37.84,145.39,25.56,7.2
302,Clyde River,90,CA,1569978179,100,70.47,-68.59,2.0,4.1
303,Mokokchung,92,IN,1569978179,98,26.32,94.52,20.16,0.47
304,Tura,87,RU,1569978179,81,64.27,100.22,-2.97,2.81
305,Chernenko,29,UA,1569978180,81,47.23,37.74,10.8,2.28
306,Kenai,90,US,1569977904,76,60.55,-151.26,10.0,2.6
307,Bad Bevensen,75,DE,1569978180,100,53.08,10.57,9.0,3.1
308,Kursumlija,0,RS,1569978180,76,43.14,21.27,15.0,1.5
309,Aswan,0,EG,1569978180,29,24.09,32.9,25.0,3.1
310,Excelsior Springs,1,US,1569978181,65,39.34,-94.23,28.33,5.27
311,Shihezi,100,CN,1569978181,41,44.3,86.03,10.55,4.83
312,Cascais,20,PT,1569978181,88,38.7,-9.42,18.33,1.0
313,Aykhal,90,RU,1569978182,92,65.95,111.51,-6.0,2.0
314,Riyadh,0,SA,1569977929,30,24.63,46.72,27.0,1.0
315,Progreso,90,UY,1569978182,100,-34.68,-56.22,13.33,7.2
316,Chernyshevskiy,82,RU,1569978182,74,63.01,112.47,-1.9,3.06
317,Waddan,0,LY,1569978182,37,29.16,16.14,23.0,3.99
318,Inhambane,97,MZ,1569978183,89,-23.87,35.38,16.84,3.05
319,Gao,20,ML,1569978183,37,16.28,-0.04,31.38,8.39
320,Shingu,75,JP,1569978183,73,33.72,135.99,25.0,1.5
321,Lipetsk,0,RU,1569978183,93,52.6,39.59,8.0,3.0
322,Zelenets,100,RU,1569978184,91,53.83,48.02,11.96,5.68
323,Soe,41,EE,1569978184,87,57.91,26.05,7.22,5.1
324,Jian,33,IN,1569978184,97,25.65,87.89,22.41,2.06
325,Gat,39,SN,1569978184,94,14.69,-16.54,27.0,3.6
326,Capitao Poco,40,BR,1569978062,77,-1.75,-47.06,25.08,2.78
327,Haines Junction,100,CA,1569978185,85,60.75,-137.51,5.71,4.51
328,Sebinkarahisar,0,TR,1569978185,61,40.29,38.42,7.86,1.62
329,Balatonszarszo,0,HU,1569978185,93,46.83,17.82,19.0,2.6
330,Faanui,100,PF,1569978185,77,-16.48,-151.75,24.53,8.8
331,Pangnirtung,97,CA,1569978182,96,66.15,-65.72,-1.64,0.92
332,Port Macquarie,2,AU,1569978182,43,-31.43,152.91,23.33,2.6
333,Necochea,100,AR,1569978186,91,-38.55,-58.74,10.56,4.47
334,Stepnogorsk,5,KZ,1569978186,69,52.35,71.88,2.33,2.5
335,Mackay,75,CA,1569978187,70,53.65,-115.58,10.0,2.1
336,Grindavik,75,IS,1569978187,93,63.84,-22.43,8.0,2.1
337,Zelenoborsk,100,RU,1569978187,88,61.47,64.05,8.25,5.63
338,Ajaccio,91,FR,1569978187,77,41.93,8.74,21.0,2.1
339,Havre,1,US,1569978187,69,48.55,-109.68,2.0,3.23
340,La Ronge,75,CA,1569978188,60,55.1,-105.3,5.0,2.1
341,Acari,37,BR,1569978188,69,-6.44,-36.64,24.15,5.93
342,Denpasar,20,ID,1569978188,94,-8.65,115.22,26.0,4.1
343,Biak,61,ID,1569978188,91,-0.91,122.88,19.38,1.83
344,Vanimo,82,PG,1569978067,72,-2.67,141.3,26.97,0.8
345,Belyy Yar,0,RU,1569978189,92,53.6,91.39,-1.0,0.49
346,Chihuahua,40,MX,1569978152,61,28.66,-106.08,25.0,6.7
347,Katherine,14,AU,1569978189,21,-14.47,132.26,33.0,4.1
348,Mahdalynivka,0,UA,1569978189,87,48.92,34.92,8.0,3.0
349,Tutoia,2,BR,1569978190,81,-2.76,-42.27,23.9,2.88
350,Port-Cartier,90,CA,1569978190,98,50.03,-66.88,0.56,2.1
351,Hithadhoo,81,MV,1569978190,76,-0.6,73.08,27.73,7.88
352,Rio Grande,57,BR,1569978178,93,-32.03,-52.1,18.33,3.13
353,Zielona Gora,74,PL,1569977916,83,51.94,15.51,16.11,3.13
354,Koryazhma,100,RU,1569978190,92,61.32,47.16,9.02,4.85
355,Kavaratti,99,IN,1569978191,72,10.57,72.64,27.2,1.84
356,Vatava,2,RO,1569978191,87,46.97,24.77,8.0,2.6
357,High Level,20,CA,1569978191,33,58.52,-117.13,15.0,2.6
358,Alofi,40,NU,1569978191,69,-19.06,-169.92,28.0,5.1
359,Linxia,100,CN,1569978017,57,35.6,103.21,12.16,0.92
360,Lujiang,40,CN,1569978192,88,31.26,117.28,22.0,3.0
361,Shubarkuduk,98,KZ,1569978192,37,49.15,56.49,8.77,5.65
362,Beyneu,42,KZ,1569978192,56,45.32,55.19,11.71,5.07
363,Hualmay,59,PE,1569978193,91,-11.1,-77.61,16.61,6.41
364,Omboue,67,GA,1569978193,82,-1.57,9.26,24.9,5.38
365,Abha,0,SA,1569978193,77,18.22,42.5,16.0,1.71
366,Klaksvik,60,FO,1569978193,81,62.23,-6.59,7.0,10.8
367,Helena,90,US,1569978193,49,46.59,-112.04,8.0,3.1
368,Lebu,90,ET,1569978194,87,8.96,38.73,14.0,0.73
369,Severo-Kurilsk,99,RU,1569978194,91,50.68,156.12,8.06,5.46
370,Bambous Virieux,75,MU,1569978194,88,-20.34,57.76,22.22,3.6
371,Langenau,75,DE,1569978194,87,48.5,10.12,15.56,5.1
372,Anzio,0,IT,1569978195,88,41.45,12.63,20.56,2.6
373,Kulhudhuffushi,21,MV,1569978195,75,6.62,73.07,28.09,3.15
374,Coihaique,40,CL,1569978195,64,-45.58,-72.07,4.0,1.61
375,Inuvik,75,CA,1569978195,65,68.36,-133.71,8.0,4.6
376,Inirida,45,CO,1569978007,78,3.87,-67.92,26.77,1.27
377,Quatre Cocos,75,MU,1569978196,88,-20.21,57.76,22.22,3.6
378,Batemans Bay,2,AU,1569978196,33,-35.71,150.18,22.78,1.81
379,Ajdabiya,0,LY,1569978196,79,30.75,20.22,23.23,4.29
380,Samarai,95,PG,1569978197,91,-10.62,150.67,24.89,2.95
381,Saint-Leu,20,RE,1569978197,73,-21.15,55.28,22.0,2.1
382,Harlingen,82,NL,1569978197,81,53.18,5.41,12.22,4.1
383,Petropavlovka,100,RU,1569978197,81,50.61,105.32,-4.63,2.23
384,Abeche,5,TD,1569978197,63,13.83,20.83,28.05,2.82
385,Sao Filipe,89,CV,1569978198,88,14.9,-24.5,25.84,7.23
386,Mto wa Mbu,95,TZ,1569978198,83,-3.38,35.86,16.84,4.56
387,Prince Rupert,90,CA,1569978198,76,54.32,-130.32,11.0,3.6
388,Maniitsoq,12,GL,1569978198,67,65.42,-52.9,4.37,2.56
389,Mandera,31,ET,1569978199,85,3.94,41.86,25.0,5.37
390,Teya,75,MX,1569978199,83,21.05,-89.07,29.0,3.1
391,Ljungby,0,SE,1569978199,100,56.83,13.94,9.0,3.6
392,Atar,18,MR,1569978199,10,20.52,-13.05,35.31,4.86
393,Aptos,0,US,1569978200,42,36.98,-121.9,21.11,7.7
394,Chingola,100,ZM,1569978200,92,-12.55,27.86,17.54,2.21
395,Adrar,0,DZ,1569978168,12,27.87,-0.29,29.88,1.52
396,Derzhavinsk,13,KZ,1569978201,55,51.1,66.31,3.8,3.23
397,Arraias,71,BR,1569978201,45,-12.93,-46.94,28.39,2.0
398,Sorong,88,ID,1569978201,75,-0.86,131.25,27.82,1.13
399,Havre-Saint-Pierre,90,CA,1569978202,93,50.23,-63.6,4.0,3.6
400,Beringovskiy,96,RU,1569978202,69,63.05,179.32,6.32,3.3
401,The Valley,20,AI,1569978110,74,18.22,-63.06,29.0,1.5
402,Yangcun,3,CN,1569978202,81,29.98,118.17,26.11,1.15
403,Porto Novo,0,BR,1569978203,72,-23.68,-45.44,20.0,4.6
404,Jacareacanga,99,BR,1569978203,96,-6.22,-57.76,23.35,2.17
405,Pandamatenga,42,BW,1569978203,81,-18.54,25.64,13.41,3.68
406,Erdaojiang,0,CN,1569978203,66,41.78,126.03,16.73,1.8
407,Kutum,62,SD,1569978203,44,14.2,24.66,25.17,3.28
408,Khani,0,GE,1569978204,93,41.96,42.96,13.0,2.1
409,Rawson,77,AR,1569978204,57,-43.3,-65.11,5.12,3.51
410,Dawlatabad,0,AF,1569978205,35,36.41,64.91,10.56,1.85
411,Petropavlovsk-Kamchatskiy,20,RU,1569978175,44,53.05,158.65,15.0,3.0
412,Yuli,0,CN,1569978205,81,24.82,106.77,19.35,0.35
413,Hilliard,1,US,1569978185,73,40.03,-83.16,27.78,2.98
414,Springville,1,US,1569978113,50,40.17,-111.61,14.0,6.2
415,Yantal,0,RU,1569978206,90,56.85,105.25,-3.1,1.65
416,Ust-Nera,99,RU,1569978206,86,64.57,143.24,-8.17,1.06
417,Dongning,0,CN,1569978206,53,44.06,131.12,17.49,0.84
418,Nola,59,CF,1569978206,99,3.52,16.05,19.57,0.79
419,Alexandria,2,RO,1569978143,63,43.97,25.33,17.22,2.47
420,Zhigansk,27,RU,1569978207,77,66.77,123.37,-4.51,3.44
421,Lompoc,1,US,1569978207,45,34.64,-120.46,22.22,6.7
422,Kloulklubed,75,PW,1569978207,66,7.04,134.26,30.0,2.1
423,Taoudenni,0,ML,1569978207,11,22.68,-3.98,33.41,4.55
424,Luderitz,0,NA,1569978208,76,-26.65,15.16,13.0,1.5
425,Sandviken,100,SE,1569978208,95,60.62,16.77,5.0,0.89
426,Duzce,0,TR,1569978208,66,40.84,31.16,15.3,0.65
427,Coari,86,BR,1569978208,61,-4.09,-63.14,28.0,0.99
428,Fukue,75,JP,1569978209,69,35.03,136.69,29.44,4.1
429,North Bend,1,US,1569978209,67,43.41,-124.22,16.11,7.2
430,Bafoulabe,0,ML,1569978209,80,13.81,-10.83,26.38,2.3
431,Sao Felix do Xingu,51,BR,1569978209,78,-6.64,-51.99,23.65,0.87
432,Mariakani,100,KE,1569978210,91,-3.87,39.47,22.3,1.5
433,Le Port,86,FR,1569978210,69,42.87,1.37,16.67,3.13
434,Watertown,90,US,1569978210,75,44.9,-97.12,8.89,8.2
435,Punta de Piedra,43,VE,1569978212,91,7.62,-71.49,23.99,0.95
436,Zaraza,100,VE,1569978212,84,9.35,-65.33,25.21,0.89
437,Bustamante,6,MX,1569978212,52,26.53,-100.51,28.73,7.82
438,Solnechnyy,77,RU,1569978212,80,50.72,136.64,15.87,1.46
439,Shubarshi,97,KZ,1569978213,39,48.59,57.19,7.83,4.03
440,Ca Mau,100,VN,1569978213,85,9.18,105.15,25.86,0.35
441,Kamenka,0,MD,1569977943,86,48.03,28.7,7.78,4.61
442,Fairbanks,90,US,1569978181,75,64.84,-147.72,8.33,2.07
443,Naliya,55,IN,1569978214,80,23.26,68.83,27.62,6.28
444,Anadyr,40,RU,1569978214,86,64.73,177.51,5.0,4.0
445,Fort-Shevchenko,97,KZ,1569978215,78,44.51,50.26,18.61,6.88
446,Hovd,90,NO,1569978215,93,63.83,10.7,8.33,1.0
447,Concepcion,36,CO,1569978215,80,9.56,-73.66,26.38,1.59
448,Clarence Town,0,AU,1569978215,56,-32.59,151.78,26.11,5.1
449,Qaqortoq,95,GL,1569978118,27,60.72,-46.03,11.0,14.4
450,Chapleau,90,CA,1569978216,100,47.85,-83.4,7.0,4.6
451,Usolye-Sibirskoye,32,RU,1569978216,76,52.75,103.66,0.06,0.94
452,Fougamou,100,GA,1569978217,94,-1.22,10.59,21.81,1.18
453,Alcazar de San Juan,0,ES,1569978217,63,39.39,-3.21,16.11,1.34
454,Grand-Santi,97,GF,1569978217,91,4.27,-54.38,23.16,1.54
455,Lorengau,78,PG,1569978204,64,-2.02,147.27,29.48,0.29
456,Bajil,0,ES,1569978217,67,38.23,-2.07,16.11,5.81
457,Baneh,0,IR,1569978218,39,35.99,45.88,17.0,2.1
458,Lerwick,98,GB,1569978218,87,60.15,-1.15,9.0,6.7
459,Navolato,40,MX,1569978218,55,24.76,-107.7,31.0,3.1
460,Daru,98,PG,1569978104,89,-9.07,143.21,25.48,5.31
461,Srednekolymsk,9,RU,1569978218,62,67.46,153.71,-2.34,4.07
462,Ranau,75,MY,1569978219,83,5.95,116.67,28.33,1.5
463,Jiexiu,23,CN,1569978219,64,37.02,111.92,17.81,0.28
464,Hervey Bay,75,AU,1569978219,64,-25.3,152.85,25.56,6.7
465,Wanxian,100,CN,1569978219,88,30.8,108.39,19.34,3.2
466,Valdivia,0,CL,1569978215,70,-39.81,-73.25,7.0,2.1
467,Bud,100,NO,1569978220,93,62.91,6.91,8.0,2.6
468,Carroll,0,AU,1569978220,37,-30.99,150.44,22.22,2.1
469,Gua Musang,92,MY,1569978040,95,4.88,101.97,18.96,1.02
470,Sibu,75,MY,1569978220,100,2.29,111.83,24.0,1.0
471,Kwinana,24,AU,1569978220,63,-32.25,115.77,18.33,1.5
472,Atambua,0,ID,1569978202,67,-9.11,124.89,26.35,2.02
473,Ust-Ordynskiy,0,RU,1569978221,100,52.8,104.75,-3.0,1.0
474,Pacific Grove,0,US,1569978180,42,36.62,-121.92,21.11,7.7
475,Malmesbury,40,GB,1569978221,81,51.58,-2.1,10.56,5.1
476,Suntar,90,RU,1569978221,80,62.16,117.65,-1.06,3.55
477,Guipavas,90,FR,1569978222,93,48.43,-4.4,14.44,5.1
478,Orleans,0,BR,1569978222,53,-28.36,-49.29,22.31,2.51
479,Mbalmayo,75,CM,1569978222,100,3.52,11.5,21.0,3.1
480,Verkhnevilyuysk,97,RU,1569978222,80,63.45,120.31,-1.92,3.07
481,Acapulco,40,MX,1569978212,74,16.86,-99.88,29.0,3.1
482,Namibe,100,AO,1569978223,81,-15.19,12.15,18.25,5.19
483,Begles,63,FR,1569978223,87,44.81,-0.55,16.11,5.1
484,Deer Lake,75,CA,1569978223,75,49.18,-57.43,5.0,2.6
485,Nhulunbuy,20,AU,1569978223,58,-12.18,136.78,29.0,5.1
486,Barabai,100,ID,1569978223,76,-2.59,115.38,26.16,0.6
487,Kawalu,99,ID,1569978224,81,-7.38,108.21,21.28,1.57
488,Varia,20,GR,1569978224,100,38.6,21.58,18.0,1.14
489,Barra,75,BR,1569978040,48,-11.09,-43.14,26.72,1.59
490,Jacksonville Beach,40,US,1569978224,88,30.29,-81.39,27.22,5.1
491,Mana,77,NG,1569978189,79,13.03,5.27,24.37,3.55
492,Bagdarin,0,RU,1569978224,49,54.44,113.59,-1.61,1.38
493,Alta Floresta,100,BR,1569978225,97,-9.87,-56.08,21.03,0.79
494,Obihiro,75,JP,1569978225,93,42.92,143.2,14.0,0.5
495,Epalinges,90,CH,1569978225,93,46.55,6.67,14.0,2.6
496,Cap Malheureux,75,MU,1569978225,88,-19.98,57.61,22.22,3.6
497,Kudahuvadhoo,100,MV,1569978226,76,2.67,72.89,27.92,7.35
498,Boffa,48,GN,1569978226,86,10.18,-14.04,26.72,3.91
499,Yatou,75,CM,1569978226,100,3.63,9.81,25.0,5.32
500,Sorland,0,NO,1569978227,65,67.67,12.69,8.51,6.76
501,Ranot,100,TH,1569978227,82,7.78,100.32,25.56,2.12
502,Adelaide,0,AU,1569978003,24,-34.93,138.6,26.11,6.7
503,Kailua,40,US,1569978228,62,21.39,-157.74,31.11,6.2
504,Minna,63,NG,1569978228,92,9.62,6.55,23.27,1.99
505,Port Hardy,90,CA,1569978004,76,50.7,-127.42,12.0,2.1
506,Pandan,100,PH,1569978228,74,11.72,122.09,27.92,2.16
507,Katsuura,90,JP,1569978228,74,33.93,134.5,26.0,8.7
508,Holme,0,DK,1569978229,87,56.11,10.17,7.0,4.1
509,Chepareria,55,KE,1569978229,83,1.32,35.2,19.09,1.99
510,Lubango,93,AO,1569978229,78,-14.92,13.49,15.11,0.39
511,Labuhan,100,ID,1569978117,76,-2.54,115.51,26.01,0.4
512,San Juan,22,AR,1569978229,38,-31.54,-68.53,4.56,3.09
513,Kodinsk,99,RU,1569978230,97,58.6,99.18,0.8,2.64
514,Mouila,100,GA,1569978230,95,-1.86,11.06,21.94,0.62
515,Mazagao,40,BR,1569978230,79,-0.12,-51.29,29.0,5.1
516,Caborca,5,MX,1569978230,68,30.58,-111.1,23.33,5.94
517,Arman,100,RU,1569978230,87,59.7,150.17,-2.06,1.74
518,Ballybofey,96,IE,1569978231,73,54.8,-7.78,7.97,3.39
519,North Branch,90,US,1569978231,71,45.51,-92.98,11.11,1.5
520,Beloha,13,MG,1569978231,87,-25.17,45.06,19.56,2.5
521,Almaty,40,KZ,1569978232,64,43.24,76.95,3.0,2.0
522,Kungurtug,100,RU,1569978232,80,50.6,97.53,-5.03,1.34
523,Cadillac,90,US,1569978232,87,44.25,-85.4,20.0,3.6
524,Antigonish,90,CA,1569978233,87,45.62,-61.99,10.0,2.1
525,Yumen,15,CN,1569978233,28,40.29,97.04,11.52,6.15
526,Cortes,59,PH,1569978233,73,9.28,126.19,27.38,2.91
527,Port Hedland,0,AU,1569978234,18,-20.31,118.58,34.0,3.6
528,Huanren,2,CN,1569978234,75,41.26,125.37,16.62,1.7
529,Pangody,100,RU,1569978234,97,65.85,74.49,3.0,4.1
530,Huainan,3,CN,1569978234,81,32.59,117.01,22.55,2.75
531,Husavik,100,CA,1569978234,82,50.56,-96.99,6.11,3.13
532,Tucupita,100,VE,1569978235,83,9.06,-62.05,25.91,2.46
533,Cayenne,0,GF,1569978235,83,4.94,-52.33,27.0,1.0
534,Guerrero Negro,0,MX,1569978235,76,27.97,-114.04,19.24,7.72
535,Yarmouth,90,CA,1569978235,93,43.84,-66.12,13.89,5.1
536,Faya,0,SA,1569978235,77,18.39,42.45,16.0,1.05
537,Miles City,90,US,1569978236,93,46.41,-105.84,2.0,1.5
538,Takaka,100,NZ,1569978236,58,-40.86,172.81,13.33,0.89
539,Menongue,77,AO,1569978236,24,-14.66,17.68,14.19,1.81
540,Tamluk,40,IN,1569978236,94,22.29,87.93,26.0,1.98
541,El Tigre,40,VE,1569978236,62,8.89,-64.25,27.3,3.56
542,Najran,0,SA,1569978237,39,17.54,44.22,26.0,3.6
543,Sakaiminato,90,JP,1569978237,78,35.55,133.23,25.0,1.0
544,Pochutla,75,MX,1569978170,74,15.74,-96.47,29.0,0.09
545,Kondinskoye,100,RU,1569978237,85,59.65,67.41,7.61,6.58
546,Grootfontein,83,NA,1569978237,15,-19.56,18.1,11.51,2.49
547,Ongandjera,81,NA,1569978238,14,-17.88,15.07,18.13,2.77
548,Saint Anthony,75,US,1569978238,37,43.97,-111.68,10.0,2.1
549,Poum,0,MK,1569978238,78,41.28,20.71,11.8,1.23
550,Cockburn Town,99,TC,1569978194,65,21.46,-71.14,28.95,1.03
551,Praia da Vitoria,75,PT,1569977945,88,38.73,-27.07,22.0,12.73
552,San Ramon,100,NI,1569978009,97,12.92,-85.84,20.37,1.08
553,Dillon,90,US,1569978220,64,45.22,-112.64,3.33,2.1
554,Amahai,99,ID,1569978239,86,-3.31,129.0,25.48,2.75
555,Santo Angelo,0,BR,1569978118,51,-28.3,-54.26,29.44,4.6
556,Murdochville,100,CA,1569978239,99,48.96,-65.49,0.27,1.28
557,Tupiza,49,BO,1569978239,24,-21.44,-65.72,11.5,11.66
558,Sao Joao da Barra,60,BR,1569978239,86,-21.64,-41.05,18.14,1.8
559,Palu,37,ID,1569978240,75,-0.9,119.87,26.73,0.39
